{
  "version": 1,
  "author": "Uri Shaked",
  "editor": "wokwi",
  "parts": [
    { "type": "wokwi-breadboard-half", "id": "bb1", "top": 16.2, "left": -525.2, "attrs": {} },
    { "type": "wokwi-arduino-uno", "id": "uno", "top": -9, "left": -826.2, "attrs": {} },
    {
      "type": "wokwi-stepper-motor",
      "id": "stepper1",
      "top": -235.49,
      "left": -488.72,
      "attrs": {}
    },
    {
      "type": "wokwi-a4988",
      "id": "drv1",
      "top": 81.8,
      "left": -417.2,
      "rotate": 270,
      "attrs": {}
    }
  ],
  "connections": [
    [ "drv1:VMOT", "bb1:tp.7", "red", [ "v0" ] ],
    [ "drv1:GND.2", "bb1:tn.8", "black", [ "v0" ] ],
    [ "bb1:15b.i", "uno:3", "violet", [ "v105.6", "h-172.8", "v-288", "h-61.6" ] ],
    [ "bb1:16b.i", "uno:2", "blue", [ "v96", "h-172.8", "v-288", "h-61.7" ] ],
    [ "bb1:15t.c", "bb1:bp.25", "red", [ "h182.4", "v116.1" ] ],
    [ "bb1:16t.b", "bb1:bn.25", "black", [ "v0", "h192", "v134.4" ] ],
    [ "uno:5V", "bb1:bp.1", "red", [ "v19.1", "h-209" ] ],
    [ "bb1:14b.i", "bb1:13b.i", "green", [ "v0" ] ],
    [ "stepper1:A-", "bb1:13t.a", "orange", [ "v0" ] ],
    [ "stepper1:A+", "bb1:12t.b", "orange", [ "v0" ] ],
    [ "stepper1:B+", "bb1:11t.c", "blue", [ "v0" ] ],
    [ "stepper1:B-", "bb1:14t.b", "blue", [ "v0" ] ],
    [ "drv1:ENABLE", "bb1:9b.g", "", [ "$bb" ] ],
    [ "drv1:MS1", "bb1:10b.g", "", [ "$bb" ] ],
    [ "drv1:MS2", "bb1:11b.g", "", [ "$bb" ] ],
    [ "drv1:MS3", "bb1:12b.g", "", [ "$bb" ] ],
    [ "drv1:RESET", "bb1:13b.g", "", [ "$bb" ] ],
    [ "drv1:SLEEP", "bb1:14b.g", "", [ "$bb" ] ],
    [ "drv1:STEP", "bb1:15b.g", "", [ "$bb" ] ],
    [ "drv1:DIR", "bb1:16b.g", "", [ "$bb" ] ],
    [ "drv1:GND.1", "bb1:16t.d", "", [ "$bb" ] ],
    [ "drv1:VDD", "bb1:15t.d", "", [ "$bb" ] ],
    [ "drv1:1B", "bb1:14t.d", "", [ "$bb" ] ],
    [ "drv1:1A", "bb1:13t.d", "", [ "$bb" ] ],
    [ "drv1:2A", "bb1:12t.d", "", [ "$bb" ] ],
    [ "drv1:2B", "bb1:11t.d", "", [ "$bb" ] ],
    [ "drv1:GND.2", "bb1:10t.d", "", [ "$bb" ] ],
    [ "drv1:VMOT", "bb1:9t.d", "", [ "$bb" ] ],
    [ "uno:GND.2", "bb1:bn.1", "black", [ "v28.7", "h165.5" ] ]
  ],
  "dependencies": {}
}